uid	iid	label	time
1	119	1.0	1458259200
1	124	1.0	1458259200
1	20	1.0	1486339200
1	140	1.0	1486339200
1	139	1.0	1486339200
1	22	1.0	1514851200
1	1	1.0	1529193600
2	1	1.0	1528934400
2	21	1.0	1528934400
2	130	1.0	1528934400
2	134	1.0	1528934400
2	112	1.0	1528934400
3	21	1.0	1482796800
3	54	1.0	1482796800
3	138	1.0	1482796800
3	139	1.0	1482796800
3	1	1.0	1527897600
4	21	1.0	1481760000
4	75	1.0	1482278400
4	25	0.0	1492905600
4	131	1.0	1494115200
4	1	1.0	1526688000
5	13	1.0	1518912000
5	23	1.0	1518912000
5	26	1.0	1518912000
5	58	1.0	1518912000
5	1	1.0	1526601600
6	2	1.0	1454025600
6	144	0.0	1515888000
6	144	0.0	1515888000
6	1	1.0	1525737600
6	133	1.0	1525737600
7	4	1.0	1484870400
7	22	1.0	1484870400
7	21	1.0	1494547200
7	23	1.0	1515974400
7	1	1.0	1525132800
8	1	1.0	1524787200
8	27	1.0	1524787200
8	74	1.0	1524787200
8	125	1.0	1524787200
8	131	1.0	1524787200
9	32	1.0	1452988800
9	2	1.0	1459468800
9	21	1.0	1486857600
9	124	1.0	1517616000
9	1	1.0	1523491200
10	139	1.0	1484611200
10	138	1.0	1484611200
10	1	1.0	1523491200
10	12	1.0	1523491200
10	82	1.0	1523491200
11	23	1.0	1514160000
11	140	1.0	1514246400
11	1	1.0	1521763200
11	82	1.0	1529971200
11	20	1.0	1529971200
12	21	1.0	1516060800
12	26	1.0	1516060800
12	53	1.0	1516060800
12	1	1.0	1518048000
12	92	1.0	1518048000
13	15	1.0	1489622400
13	50	1.0	1489622400
13	54	1.0	1489622400
13	138	1.0	1489622400
13	23	1.0	1501545600
14	72	1.0	1515456000
14	2	1.0	1523664000
14	23	1.0	1523664000
14	71	1.0	1523664000
14	107	1.0	1523664000
15	2	1.0	1521331200
15	22	1.0	1521331200
15	21	1.0	1521331200
15	54	1.0	1521331200
15	139	1.0	1521331200
16	2	1.0	1521331200
16	3	1.0	1521331200
16	34	1.0	1521331200
16	68	1.0	1521331200
16	110	1.0	1521331200
17	2	1.0	1520812800
17	3	1.0	1520812800
17	20	1.0	1520812800
17	26	1.0	1523232000
17	123	0.0	1523232000
18	2	1.0	1520208000
18	53	1.0	1520208000
18	136	1.0	1520208000
18	138	1.0	1520208000
18	80	1.0	1526342400
19	2	1.0	1519948800
19	3	1.0	1519948800
19	22	1.0	1519948800
19	21	1.0	1519948800
19	142	1.0	1519948800
20	2	1.0	1519862400
20	29	1.0	1519862400
20	49	1.0	1519862400
20	126	1.0	1519862400
20	148	1.0	1531872000
21	140	1.0	1495843200
21	138	1.0	1495843200
21	23	1.0	1502755200
21	2	1.0	1518048000
21	4	1.0	1518048000
22	124	1.0	1483833600
22	140	1.0	1483833600
22	139	1.0	1483833600
22	22	1.0	1486339200
22	82	1.0	1486339200
23	82	1.0	1427932800
23	2	1.0	1517270400
23	3	1.0	1517270400
23	4	1.0	1517270400
23	22	1.0	1519948800
24	2	1.0	1517097600
24	4	1.0	1517097600
24	20	1.0	1517097600
24	140	1.0	1517097600
24	142	1.0	1517097600
25	34	1.0	1498608000
25	53	1.0	1498608000
25	138	1.0	1498608000
25	2	1.0	1515974400
25	67	1.0	1515974400
26	2	1.0	1515369600
26	9	1.0	1515369600
26	12	1.0	1515369600
26	37	1.0	1515369600
26	55	1.0	1515369600
27	25	1.0	1456358400
27	80	1.0	1456358400
27	85	1.0	1456358400
27	2	1.0	1514332800
27	139	1.0	1514332800
28	23	1.0	1481846400
28	21	1.0	1481846400
28	81	1.0	1481846400
28	144	1.0	1513382400
28	2	1.0	1513641600
29	65	1.0	1501891200
29	2	1.0	1513123200
29	3	1.0	1513123200
29	30	1.0	1513123200
29	85	1.0	1513123200
30	20	1.0	1421107200
30	22	1.0	1421107200
30	54	1.0	1421107200
30	23	1.0	1449446400
30	81	1.0	1449446400
30	82	1.0	1449446400
31	82	1.0	1454284800
31	142	1.0	1485129600
31	2	1.0	1504569600
31	6	1.0	1504569600
31	118	1.0	1504569600
32	7	1.0	1481760000
32	26	1.0	1481760000
32	139	1.0	1481760000
32	119	1.0	1483747200
32	2	1.0	1500681600
33	22	1.0	1485475200
33	54	1.0	1485475200
33	139	1.0	1485475200
33	2	1.0	1498521600
33	21	1.0	1507766400
34	22	1.0	1481932800
34	21	1.0	1481932800
34	139	1.0	1481932800
34	26	1.0	1498176000
34	2	1.0	1498521600
35	5	1.0	1453248000
35	37	1.0	1482796800
35	138	1.0	1482796800
35	20	1.0	1487030400
35	2	1.0	1494547200
36	2	1.0	1489104000
36	20	1.0	1492992000
36	22	1.0	1492992000
36	21	1.0	1492992000
36	34	1.0	1510012800
37	26	1.0	1457308800
37	6	1.0	1467849600
37	17	1.0	1467849600
37	22	1.0	1467849600
37	21	1.0	1467849600
37	107	1.0	1467849600
38	2	1.0	1487635200
38	20	1.0	1487635200
38	139	1.0	1487635200
38	21	1.0	1527033600
38	26	1.0	1527033600
39	2	1.0	1485734400
39	29	1.0	1485734400
39	34	1.0	1485734400
39	122	1.0	1485734400
39	146	1.0	1485734400
40	4	1.0	1353801600
40	45	1.0	1420761600
40	81	1.0	1455235200
40	22	1.0	1482451200
40	138	1.0	1482451200
41	6	1.0	1406764800
41	2	1.0	1407456000
41	21	1.0	1453852800
41	119	1.0	1453852800
41	2	1.0	1484352000
42	2	1.0	1483747200
42	20	1.0	1483747200
42	22	1.0	1483747200
42	54	1.0	1483747200
42	139	1.0	1483747200
43	2	1.0	1416009600
43	82	1.0	1464566400
43	2	1.0	1483401600
43	144	1.0	1483401600
43	25	1.0	1489363200
44	2	1.0	1483315200
44	12	1.0	1483315200
44	14	1.0	1483315200
44	26	1.0	1483315200
44	33	1.0	1483315200
44	45	1.0	1483315200
44	55	1.0	1483315200
44	63	1.0	1483315200
44	78	1.0	1483315200
45	21	1.0	1480723200
45	2	1.0	1483142400
45	20	1.0	1483142400
45	54	1.0	1499040000
45	7	1.0	1505520000
46	2	1.0	1482019200
46	5	1.0	1482019200
46	119	1.0	1482019200
46	142	1.0	1482019200
46	138	1.0	1482019200
47	131	1.0	1467849600
47	119	1.0	1475193600
47	21	1.0	1481155200
47	2	1.0	1481932800
47	3	1.0	1518652800
48	14	1.0	1447545600
48	26	1.0	1447545600
48	2	1.0	1481673600
48	56	1.0	1481673600
48	74	1.0	1481673600
49	20	1.0	1471996800
49	24	1.0	1471996800
49	82	1.0	1471996800
49	2	1.0	1476921600
49	4	1.0	1484352000
49	21	1.0	1484352000
49	133	1.0	1484352000
49	140	1.0	1484352000
50	25	1.0	1468368000
50	2	1.0	1468886400
50	31	1.0	1468886400
50	82	1.0	1469232000
50	23	1.0	1473206400
50	145	1.0	1481846400
50	139	1.0	1497225600
50	124	1.0	1497312000
51	2	1.0	1465862400
51	17	1.0	1465862400
51	74	1.0	1465862400
51	81	1.0	1465862400
51	110	1.0	1465862400
52	82	1.0	1424304000
52	123	1.0	1455926400
52	2	1.0	1461542400
52	143	1.0	1481414400
52	9	1.0	1491350400
53	2	1.0	1457568000
53	36	1.0	1457568000
53	34	1.0	1457568000
53	53	1.0	1457568000
53	57	1.0	1457568000
53	65	1.0	1457568000
53	71	1.0	1457568000
53	81	1.0	1457568000
53	103	1.0	1457568000
54	2	1.0	1456704000
54	22	1.0	1456704000
54	26	1.0	1456704000
54	54	1.0	1456704000
54	119	1.0	1456704000
55	21	1.0	1455580800
55	26	1.0	1455580800
55	53	1.0	1455580800
55	2	1.0	1456444800
55	27	1.0	1462752000
55	45	1.0	1462752000
55	74	1.0	1462752000
56	2	1.0	1456099200
56	5	1.0	1456099200
56	18	1.0	1456099200
56	65	1.0	1456099200
56	72	1.0	1456099200
57	2	1.0	1454803200
57	20	1.0	1454803200
57	54	1.0	1454803200
57	21	1.0	1486598400
57	139	1.0	1486598400
58	70	1.0	1451433600
58	2	1.0	1454457600
58	27	1.0	1490054400
58	54	1.0	1490054400
58	82	1.0	1490054400
59	2	1.0	1453766400
59	15	1.0	1453766400
59	19	1.0	1453766400
59	41	1.0	1453766400
59	47	1.0	1453766400
60	2	1.0	1453420800
60	14	1.0	1453420800
60	18	1.0	1453420800
60	26	1.0	1453420800
60	27	1.0	1453420800
60	36	1.0	1453420800
60	34	1.0	1453420800
60	40	1.0	1453420800
60	48	1.0	1453420800
60	55	1.0	1453420800
61	2	1.0	1452988800
61	119	1.0	1452988800
61	46	1.0	1487289600
61	111	1.0	1487289600
61	41	1.0	1489190400
61	44	1.0	1489190400
61	110	1.0	1489190400
61	123	1.0	1489190400
61	10	1.0	1497052800
61	64	1.0	1497052800
62	2	1.0	1452211200
62	3	1.0	1507680000
62	54	1.0	1507680000
62	139	1.0	1507680000
62	82	1.0	1528329600
63	2	1.0	1451347200
63	5	1.0	1451347200
63	28	1.0	1451347200
63	40	1.0	1451347200
63	54	1.0	1451347200
64	2	1.0	1451260800
64	9	1.0	1516579200
64	12	1.0	1516579200
64	51	1.0	1516579200
64	135	1.0	1516579200
65	2	1.0	1450742400
65	22	1.0	1481068800
65	21	1.0	1481068800
65	139	1.0	1481068800
65	26	1.0	1481500800
66	2	1.0	1450656000
66	12	1.0	1450656000
66	40	1.0	1453680000
66	48	1.0	1453680000
66	45	1.0	1453680000
67	50	1.0	1433548800
67	53	1.0	1433548800
67	2	1.0	1447459200
67	67	1.0	1447459200
67	107	1.0	1447459200
67	12	1.0	1458604800
67	10	1.0	1463356800
67	14	1.0	1463356800
68	2	1.0	1439856000
68	4	1.0	1439856000
68	20	1.0	1439856000
68	33	1.0	1439856000
68	50	1.0	1439856000
69	2	1.0	1434326400
69	10	1.0	1434326400
69	19	1.0	1434326400
69	26	1.0	1434326400
69	27	1.0	1434326400
70	25	1.0	1395446400
70	2	1.0	1429574400
70	54	1.0	1448755200
70	118	1.0	1458604800
70	125	1.0	1461888000
71	2	1.0	1429401600
71	11	1.0	1429401600
71	57	1.0	1451174400
71	66	1.0	1451174400
71	67	1.0	1451174400
72	26	1.0	1404432000
72	40	1.0	1404432000
72	27	1.0	1407456000
72	45	1.0	1407542400
72	74	1.0	1407542400
72	42	1.0	1411430400
72	49	1.0	1411430400
72	67	1.0	1411430400
72	78	1.0	1416873600
72	2	1.0	1421366400
72	18	1.0	1421366400
73	55	1.0	1418774400
73	2	1.0	1420070400
73	29	1.0	1420070400
73	40	1.0	1420070400
73	44	1.0	1420070400
74	2	1.0	1419638400
74	123	1.0	1473120000
74	82	1.0	1497139200
74	15	1.0	1500595200
74	22	1.0	1500595200
75	2	1.0	1412985600
75	20	1.0	1412985600
75	119	1.0	1457654400
75	54	1.0	1486598400
75	144	1.0	1486598400
76	2	1.0	1407715200
76	30	1.0	1464652800
76	43	1.0	1468713600
76	14	1.0	1478390400
76	20	1.0	1488585600
77	2	1.0	1407283200
77	28	1.0	1407283200
77	53	1.0	1407715200
77	32	1.0	1424304000
77	66	1.0	1424304000
78	20	1.0	1387843200
78	38	1.0	1397260800
78	2	1.0	1407110400
78	17	1.0	1407110400
78	54	1.0	1407110400
78	55	1.0	1412380800
78	15	1.0	1413417600
78	78	1.0	1413417600
78	45	1.0	1416009600
78	71	1.0	1429660800
78	6	1.0	1437523200
78	26	1.0	1439596800
78	50	1.0	1439596800
78	87	1.0	1439596800
78	101	1.0	1439596800
78	109	0.0	1439596800
78	74	1.0	1439683200
78	110	0.0	1439683200
78	45	1.0	1441238400
78	44	1.0	1449878400
78	118	1.0	1450915200
78	139	1.0	1476403200
78	138	1.0	1477612800
78	140	1.0	1479340800
78	144	1.0	1479340800
78	23	1.0	1481846400
78	37	1.0	1482019200
78	106	1.0	1492128000
78	35	0.0	1494720000
78	43	1.0	1499990400
79	2	1.0	1406592000
79	81	1.0	1458604800
79	20	1.0	1483401600
79	22	1.0	1483401600
79	21	1.0	1483401600
79	54	1.0	1483401600
79	139	1.0	1483401600
80	2	1.0	1405036800
80	71	1.0	1405036800
80	73	1.0	1405036800
80	45	1.0	1405987200
80	40	1.0	1483747200
81	2	1.0	1403654400
81	20	1.0	1403654400
81	22	1.0	1403654400
81	26	1.0	1403654400
81	75	1.0	1403654400
82	2	1.0	1400803200
82	20	1.0	1485648000
82	22	1.0	1485648000
82	138	1.0	1485648000
82	82	1.0	1495843200
83	30	1.0	1389312000
83	2	1.0	1398384000
83	26	1.0	1507680000
83	4	1.0	1525910400
83	119	1.0	1525910400
84	2	1.0	1397606400
84	13	1.0	1493596800
84	136	1.0	1493596800
84	28	1.0	1516924800
84	37	1.0	1516924800
85	55	1.0	1387584000
85	2	1.0	1396656000
85	26	1.0	1398902400
85	45	1.0	1483142400
85	139	1.0	1483142400
86	2	1.0	1392681600
86	25	1.0	1434931200
86	82	1.0	1468022400
86	23	1.0	1506124800
86	132	1.0	1506124800
87	7	1.0	1327968000
87	2	1.0	1392422400
87	17	1.0	1392422400
87	20	1.0	1392422400
87	82	1.0	1477526400
88	6	1.0	1355270400
88	2	1.0	1391904000
88	20	1.0	1423440000
88	27	1.0	1423440000
89	71	1.0	1388966400
89	2	1.0	1390176000
89	21	1.0	1483660800
89	136	1.0	1483660800
89	139	1.0	1483660800
90	2	1.0	1390003200
90	10	1.0	1390003200
90	12	1.0	1390003200
90	14	1.0	1390003200
90	26	1.0	1390003200
90	31	1.0	1390003200
90	29	1.0	1390003200
90	47	1.0	1390003200
90	41	0.0	1390003200
90	45	0.0	1390003200
90	50	1.0	1390003200
90	53	1.0	1390003200
90	57	1.0	1390003200
90	63	1.0	1390003200
90	74	1.0	1390003200
91	2	1.0	1389139200
91	67	1.0	1418342400
91	74	1.0	1418342400
91	82	1.0	1476835200
91	21	1.0	1512432000
92	2	1.0	1387584000
92	29	1.0	1388016000
92	12	1.0	1441584000
92	15	1.0	1441584000
92	26	1.0	1441584000
93	2	1.0	1386979200
93	57	1.0	1388361600
93	65	1.0	1388361600
93	71	1.0	1388361600
93	26	1.0	1389484800
94	2	1.0	1377475200
94	28	1.0	1407110400
94	75	1.0	1407110400
94	29	1.0	1409011200
94	73	1.0	1409011200
95	2	1.0	1364947200
95	43	1.0	1420502400
95	55	1.0	1420502400
95	67	1.0	1420502400
95	110	1.0	1420502400
96	2	1.0	1359504000
96	68	1.0	1498435200
96	103	1.0	1498435200
96	126	1.0	1498435200
96	67	1.0	1502236800
97	3	1.0	1523232000
97	12	1.0	1523232000
97	138	1.0	1523232000
97	21	1.0	1530316800
97	22	1.0	1530316800
98	3	1.0	1521849600
98	22	1.0	1521849600
98	21	1.0	1521849600
98	23	1.0	1521849600
98	81	1.0	1521849600
99	141	1.0	1482105600
99	140	1.0	1482105600
99	22	1.0	1483315200
99	21	1.0	1483315200
99	142	1.0	1483315200
100	3	1.0	1517011200
100	20	1.0	1517011200
100	21	1.0	1517011200
100	119	1.0	1517011200
100	136	1.0	1517011200
101	17	1.0	1432944000
101	82	1.0	1438905600
101	3	1.0	1515801600
101	138	1.0	1515801600
101	144	1.0	1515801600
102	138	1.0	1480982400
102	21	1.0	1486166400
102	139	1.0	1486166400
102	119	1.0	1495411200
102	3	1.0	1514505600
103	120	1.0	1450742400
103	119	1.0	1480377600
103	21	1.0	1481241600
103	20	1.0	1481587200
103	75	1.0	1483401600
104	23	1.0	1467504000
104	144	1.0	1483574400
104	108	1.0	1484352000
104	142	1.0	1484352000
104	98	1.0	1487894400
105	3	1.0	1512432000
105	23	1.0	1512432000
105	119	1.0	1512432000
105	142	1.0	1512432000
105	144	1.0	1512432000
106	40	1.0	1481673600
106	45	1.0	1501027200
106	67	1.0	1501027200
106	71	1.0	1501027200
106	123	1.0	1501027200
107	5	1.0	1517702400
107	35	1.0	1517702400
107	50	1.0	1517702400
107	56	1.0	1517702400
107	144	1.0	1517702400
108	5	1.0	1510358400
108	22	1.0	1510358400
108	23	1.0	1510358400
108	54	1.0	1510358400
108	120	1.0	1510358400
109	82	1.0	1453075200
109	20	1.0	1453420800
109	25	1.0	1455840000
109	17	1.0	1456531200
109	23	1.0	1506729600
110	4	1.0	1513209600
110	14	1.0	1513209600
110	26	1.0	1513209600
110	36	1.0	1513209600
110	54	1.0	1513209600
110	67	1.0	1513209600
110	77	1.0	1513209600
110	110	1.0	1513209600
110	111	1.0	1513209600
110	123	1.0	1513209600
110	140	1.0	1513209600
111	5	1.0	1489276800
111	53	1.0	1489276800
111	119	1.0	1489276800
111	142	1.0	1489276800
111	144	1.0	1489276800
112	5	1.0	1480291200
112	18	1.0	1480291200
112	57	1.0	1480291200
112	103	1.0	1480291200
112	104	1.0	1480291200
113	6	1.0	1486339200
113	17	1.0	1486339200
113	20	1.0	1486339200
113	22	1.0	1486339200
113	23	1.0	1486339200
113	21	1.0	1486339200
114	4	1.0	1486339200
114	21	1.0	1486339200
114	54	1.0	1486339200
114	81	1.0	1486339200
114	125	1.0	1492473600
115	22	1.0	1450915200
115	23	0.0	1472428800
115	4	1.0	1485648000
115	20	1.0	1485648000
115	54	1.0	1485648000
116	5	1.0	1466035200
116	20	1.0	1466035200
116	22	1.0	1466035200
116	21	1.0	1466035200
116	25	1.0	1466035200
117	5	1.0	1461369600
117	21	0.0	1463788800
117	54	0.0	1463788800
117	82	0.0	1463788800
117	131	1.0	1463875200
118	4	1.0	1482278400
118	23	1.0	1482278400
118	21	1.0	1482278400
118	54	1.0	1482278400
118	138	0.0	1520208000
119	4	1.0	1480982400
119	119	1.0	1480982400
119	142	1.0	1480982400
119	138	1.0	1480982400
119	139	1.0	1480982400
120	6	1.0	1417910400
120	25	1.0	1449532800
120	75	1.0	1449532800
120	4	1.0	1480377600
120	24	1.0	1483574400
121	118	1.0	1453248000
121	6	1.0	1470528000
121	20	1.0	1470528000
121	26	1.0	1470528000
121	82	1.0	1470528000
122	4	1.0	1404777600
122	50	1.0	1464134400
122	12	1.0	1479513600
122	55	1.0	1479513600
122	56	1.0	1479513600
122	16	1.0	1480291200
123	7	1.0	1525737600
123	67	1.0	1525737600
123	82	1.0	1525737600
123	133	1.0	1525737600
123	138	1.0	1525737600
124	20	1.0	1457049600
124	35	1.0	1463097600
124	9	1.0	1465948800
124	6	1.0	1467158400
124	27	1.0	1526860800
125	6	1.0	1463616000
125	20	1.0	1463616000
125	25	1.0	1463616000
125	54	1.0	1463616000
125	82	1.0	1463616000
126	22	1.0	1451260800
126	54	1.0	1483315200
126	139	1.0	1483315200
126	128	0.0	1506816000
126	7	1.0	1512172800
127	104	1.0	1493596800
127	7	1.0	1501891200
127	33	1.0	1501891200
127	74	1.0	1501891200
127	110	1.0	1501891200
128	118	1.0	1464998400
128	82	1.0	1468713600
128	22	1.0	1485648000
128	7	1.0	1501286400
128	21	1.0	1518307200
129	145	1.0	1480896000
129	7	1.0	1489968000
129	81	1.0	1489968000
129	17	1.0	1490227200
129	21	1.0	1491177600
130	6	1.0	1398384000
130	35	1.0	1477958400
130	71	1.0	1477958400
130	115	1.0	1477958400
130	26	1.0	1513728000
131	7	1.0	1436745600
131	22	1.0	1447200000
131	20	1.0	1492732800
131	21	1.0	1492732800
131	119	1.0	1492732800
132	50	1.0	1397520000
132	74	1.0	1411430400
132	45	1.0	1429228800
132	7	1.0	1430611200
132	104	1.0	1436486400
133	14	1.0	1483142400
133	111	1.0	1483142400
133	8	1.0	1483920000
133	55	1.0	1483920000
133	37	1.0	1517788800
134	45	1.0	1481846400
134	51	1.0	1481846400
134	8	1.0	1482710400
134	67	1.0	1482710400
134	48	1.0	1483056000
135	8	1.0	1468886400
135	26	1.0	1468886400
135	29	1.0	1468886400
135	45	1.0	1468886400
135	48	1.0	1468886400
135	74	1.0	1468886400
135	76	1.0	1468886400
135	107	1.0	1468886400
135	116	1.0	1468886400
135	82	1.0	1481414400
136	8	1.0	1462147200
136	34	1.0	1462147200
136	45	1.0	1462147200
136	63	1.0	1462147200
136	76	1.0	1462147200
137	8	1.0	1458345600
137	26	1.0	1458345600
137	30	1.0	1458345600
137	34	1.0	1458345600
137	57	1.0	1458345600
137	37	1.0	1486684800
137	65	1.0	1486684800
137	29	1.0	1494288000
137	53	1.0	1513728000
137	85	1.0	1513728000
138	8	1.0	1458259200
138	16	1.0	1458259200
138	21	1.0	1458259200
138	26	1.0	1458259200
138	41	1.0	1458259200
139	8	1.0	1453593600
139	33	1.0	1453593600
139	34	1.0	1482796800
139	73	1.0	1482796800
139	113	1.0	1533340800
140	8	1.0	1453248000
140	27	1.0	1453248000
140	40	1.0	1453248000
140	55	1.0	1453248000
140	81	1.0	1453248000
141	15	1.0	1380412800
141	55	1.0	1380412800
141	9	1.0	1397433600
141	12	1.0	1397433600
141	14	1.0	1397433600
142	45	1.0	1522108800
142	63	1.0	1522108800
142	76	1.0	1522108800
142	87	1.0	1522108800
142	9	1.0	1526256000
142	12	1.0	1526256000
142	27	1.0	1526256000
142	93	1.0	1526256000
144	48	1.0	1491350400
144	83	1.0	1491350400
144	10	1.0	1506988800
144	9	1.0	1517961600
144	14	1.0	1517961600
145	9	1.0	1505088000
145	12	1.0	1505088000
145	74	1.0	1505088000
145	111	1.0	1505088000
145	130	1.0	1505088000
146	9	1.0	1502409600
146	26	1.0	1502409600
146	110	1.0	1502409600
146	129	1.0	1506816000
146	130	1.0	1506816000
148	55	1.0	1420243200
148	30	1.0	1452384000
148	14	1.0	1467504000
148	63	1.0	1471132800
148	59	1.0	1471132800
148	9	1.0	1492819200
149	12	1.0	1451692800
149	15	1.0	1451692800
149	14	1.0	1451692800
149	50	1.0	1451692800
149	9	1.0	1489795200
150	9	1.0	1485216000
150	32	1.0	1485216000
150	70	1.0	1514505600
150	15	1.0	1524096000
150	28	1.0	1524096000
151	9	1.0	1485043200
151	40	1.0	1485043200
151	55	1.0	1485043200
151	63	1.0	1485043200
151	88	1.0	1485043200
152	10	1.0	1484870400
152	12	1.0	1484870400
152	24	1.0	1484870400
152	44	1.0	1484870400
152	51	1.0	1484870400
152	70	1.0	1484870400
153	56	1.0	1458864000
153	24	1.0	1481068800
153	31	1.0	1481068800
153	66	1.0	1481068800
153	10	1.0	1483833600
154	11	1.0	1468627200
154	74	1.0	1476230400
154	10	1.0	1482019200
154	106	1.0	1483142400
154	15	1.0	1515888000
155	10	1.0	1481500800
155	41	1.0	1481500800
155	64	1.0	1481500800
155	66	1.0	1481500800
155	83	1.0	1481500800
155	103	1.0	1481500800
156	12	1.0	1450742400
156	15	1.0	1464480000
156	9	1.0	1468800000
156	117	1.0	1468800000
156	10	1.0	1473206400
156	28	1.0	1473206400
156	39	1.0	1473206400
156	137	1.0	1473724800
156	74	1.0	1480982400
157	45	1.0	1421884800
157	56	1.0	1421884800
157	71	1.0	1421884800
157	10	1.0	1471910400
157	12	1.0	1472169600
158	10	1.0	1454889600
158	63	1.0	1454889600
158	74	1.0	1454889600
158	88	1.0	1454889600
158	110	1.0	1454889600
159	10	1.0	1454630400
159	14	1.0	1454630400
159	22	1.0	1454630400
159	73	1.0	1454630400
159	119	1.0	1454630400
159	68	1.0	1486944000
160	29	1.0	1450310400
160	10	1.0	1450483200
160	12	1.0	1450483200
160	15	1.0	1450483200
160	52	1.0	1450483200
161	9	1.0	1472256000
161	32	1.0	1472256000
161	35	1.0	1472256000
161	64	1.0	1472256000
161	117	1.0	1472256000
162	9	1.0	1470873600
162	54	1.0	1496102400
162	82	1.0	1496102400
162	118	1.0	1496102400
162	133	1.0	1496102400
163	9	1.0	1470009600
163	49	1.0	1485907200
163	23	1.0	1494806400
163	82	1.0	1494806400
163	131	1.0	1494806400
164	10	1.0	1447200000
164	42	1.0	1447200000
164	50	1.0	1447200000
164	12	1.0	1489276800
164	24	1.0	1489276800
165	10	1.0	1439942400
165	14	1.0	1439942400
165	29	1.0	1439942400
165	94	1.0	1439942400
165	106	1.0	1439942400
166	10	1.0	1439942400
166	12	1.0	1439942400
166	15	1.0	1439942400
166	31	1.0	1439942400
166	40	1.0	1439942400
167	39	1.0	1464220800
167	66	1.0	1464220800
167	136	1.0	1466726400
167	119	1.0	1467676800
167	9	1.0	1468540800
168	123	1.0	1458086400
168	72	1.0	1466380800
168	107	1.0	1466380800
168	9	1.0	1466467200
168	14	1.0	1466467200
169	10	1.0	1388361600
169	22	1.0	1388361600
169	50	1.0	1388361600
169	45	1.0	1388361600
169	65	1.0	1388361600
170	9	1.0	1461542400
170	71	0.0	1461542400
170	84	1.0	1461542400
170	89	1.0	1461542400
170	98	1.0	1461542400
170	106	1.0	1461542400
171	14	1.0	1391990400
171	56	1.0	1391990400
171	9	1.0	1461456000
171	71	1.0	1464912000
171	78	1.0	1480636800
171	20	1.0	1483920000
171	45	1.0	1483920000
171	37	1.0	1492300800
171	74	1.0	1492300800
172	9	1.0	1456185600
172	40	1.0	1456185600
172	41	1.0	1456185600
172	109	1.0	1456185600
172	110	1.0	1456185600
173	74	1.0	1438560000
173	9	1.0	1454198400
173	14	1.0	1454198400
173	20	1.0	1454198400
173	26	1.0	1454198400
174	11	1.0	1449619200
174	104	1.0	1449619200
174	109	1.0	1449619200
174	9	1.0	1449964800
174	12	1.0	1472947200
175	95	1.0	1435017600
175	9	1.0	1447718400
175	19	1.0	1447718400
175	28	1.0	1447718400
175	73	1.0	1447718400
176	73	1.0	1406419200
176	9	1.0	1425945600
176	15	1.0	1425945600
176	14	1.0	1425945600
176	19	1.0	1425945600
176	26	1.0	1425945600
176	28	1.0	1425945600
176	38	1.0	1425945600
176	34	1.0	1425945600
176	40	1.0	1425945600
176	49	1.0	1425945600
176	48	1.0	1425945600
176	45	1.0	1425945600
176	51	1.0	1425945600
176	52	1.0	1425945600
176	53	1.0	1425945600
176	55	1.0	1425945600
176	63	1.0	1425945600
176	74	1.0	1425945600
176	78	1.0	1425945600
177	39	1.0	1467417600
177	16	1.0	1491523200
177	11	1.0	1492905600
177	15	1.0	1492905600
177	26	1.0	1492905600
177	27	1.0	1492905600
177	34	1.0	1492905600
177	50	1.0	1492905600
177	63	1.0	1492905600
177	74	1.0	1492905600
177	113	1.0	1492905600
178	48	1.0	1484179200
178	136	1.0	1484179200
178	11	1.0	1484352000
178	15	1.0	1484352000
178	35	1.0	1484352000
179	27	1.0	1462320000
179	35	1.0	1462320000
179	11	1.0	1462492800
179	15	1.0	1462579200
179	29	1.0	1462579200
180	12	1.0	1431302400
180	37	1.0	1432080000
180	32	1.0	1450310400
180	11	1.0	1459123200
180	117	1.0	1467849600
181	11	1.0	1428278400
181	30	1.0	1428451200
181	50	1.0	1428451200
181	80	1.0	1428451200
181	43	1.0	1452038400
181	116	1.0	1452038400
182	53	1.0	1483488000
182	58	1.0	1483488000
182	77	1.0	1483488000
182	12	1.0	1514678400
182	21	1.0	1514678400
182	29	1.0	1514678400
183	12	1.0	1513036800
183	22	1.0	1513036800
183	21	1.0	1513036800
183	110	1.0	1513036800
183	139	1.0	1513036800
184	31	1.0	1484870400
184	37	1.0	1484870400
184	48	1.0	1484870400
184	137	1.0	1484870400
184	12	1.0	1509408000
185	39	1.0	1464220800
185	45	1.0	1464220800
185	50	1.0	1464220800
185	12	1.0	1504396800
185	24	1.0	1504396800
185	26	1.0	1504396800
185	27	1.0	1504396800
186	50	1.0	1502841600
186	67	1.0	1502841600
186	110	1.0	1502841600
186	12	1.0	1503792000
186	57	1.0	1503792000
187	67	1.0	1483056000
187	12	1.0	1495756800
187	74	1.0	1495756800
187	136	1.0	1495843200
187	26	1.0	1497225600
188	12	1.0	1486425600
188	14	1.0	1486425600
188	40	1.0	1486425600
188	50	1.0	1486425600
188	63	1.0	1486425600
189	36	1.0	1395878400
189	45	1.0	1395878400
189	55	1.0	1395878400
189	63	1.0	1395878400
189	12	1.0	1486166400
189	41	1.0	1486166400
189	47	1.0	1486166400
190	12	1.0	1485734400
190	50	1.0	1485734400
190	55	1.0	1485734400
190	110	1.0	1485734400
190	139	1.0	1485734400
191	45	1.0	1483056000
191	50	1.0	1483056000
191	63	1.0	1483056000
191	74	1.0	1483056000
191	107	1.0	1483056000
191	110	1.0	1483056000
192	12	1.0	1484006400
192	13	1.0	1484006400
192	21	1.0	1484006400
192	50	1.0	1484006400
192	110	1.0	1484006400
193	12	1.0	1483488000
193	15	1.0	1483488000
193	44	1.0	1483488000
193	55	1.0	1483488000
193	63	1.0	1483488000
193	64	1.0	1483488000
194	12	1.0	1482537600
194	14	1.0	1482537600
194	58	1.0	1482537600
194	74	1.0	1482537600
194	26	1.0	1482624000
194	33	1.0	1497225600
194	64	1.0	1497225600
194	83	1.0	1498348800
194	107	1.0	1498348800
194	105	1.0	1522713600
194	111	1.0	1529366400
194	48	1.0	1529366400
194	137	1.0	1529366400
194	123	1.0	1529971200
194	40	1.0	1529971200
194	42	1.0	1529971200
194	45	1.0	1529971200
195	37	1.0	1469577600
195	68	1.0	1469577600
195	12	1.0	1482451200
195	27	1.0	1482451200
195	41	1.0	1487548800
195	123	1.0	1488931200
195	115	1.0	1493337600
196	12	1.0	1476748800
196	41	1.0	1476748800
196	44	1.0	1476748800
196	55	1.0	1476748800
196	63	1.0	1476748800
196	107	1.0	1476748800
196	110	1.0	1476748800
197	12	1.0	1474502400
197	45	1.0	1474502400
197	55	1.0	1474502400
197	76	1.0	1474502400
197	110	1.0	1474502400
198	117	1.0	1465084800
198	12	1.0	1465516800
198	60	1.0	1465689600
198	66	1.0	1476316800
198	58	1.0	1513209600
199	12	1.0	1463529600
199	67	1.0	1463529600
199	71	1.0	1463529600
199	74	1.0	1463529600
199	16	1.0	1465948800
199	41	1.0	1465948800
200	12	1.0	1462406400
200	14	1.0	1462406400
200	26	1.0	1462406400
200	40	1.0	1462406400
200	45	1.0	1462406400
201	66	1.0	1459296000
201	116	1.0	1459296000
201	123	1.0	1459296000
201	127	1.0	1459296000
201	12	1.0	1459382400
201	55	1.0	1459382400
201	63	1.0	1459382400
201	107	1.0	1459382400
201	109	1.0	1459382400
201	26	1.0	1460505600
202	12	1.0	1455753600
202	40	1.0	1455753600
202	44	1.0	1455753600
202	45	1.0	1455753600
202	55	1.0	1455753600
202	74	1.0	1455753600
203	12	1.0	1454457600
203	15	1.0	1454457600
203	14	1.0	1454457600
203	22	1.0	1454457600
203	21	1.0	1454457600
203	40	1.0	1454457600
203	45	1.0	1454457600
203	50	1.0	1454457600
203	55	1.0	1454457600
204	12	1.0	1453075200
204	117	1.0	1461024000
204	44	1.0	1461542400
204	31	1.0	1462492800
204	41	1.0	1479081600
204	86	1.0	1485734400
204	112	1.0	1498176000
204	48	1.0	1498435200
205	19	1.0	1419724800
205	88	1.0	1443744000
205	12	1.0	1451520000
205	45	1.0	1451520000
205	123	1.0	1451520000
206	119	1.0	1450742400
206	12	1.0	1451088000
206	31	1.0	1451088000
206	25	1.0	1452297600
206	26	1.0	1452297600
207	15	1.0	1447459200
207	26	1.0	1447459200
207	51	1.0	1447459200
207	56	1.0	1447459200
207	110	1.0	1447459200
207	45	1.0	1447632000
207	12	1.0	1450224000
207	14	1.0	1450224000
207	16	1.0	1450224000
207	37	1.0	1450224000
207	46	1.0	1450224000
208	12	1.0	1441152000
208	51	1.0	1441152000
208	55	1.0	1441152000
208	62	1.0	1441152000
208	76	1.0	1441152000
209	12	1.0	1435276800
209	15	1.0	1435276800
209	26	1.0	1435276800
209	31	1.0	1435276800
209	50	1.0	1435276800
209	63	1.0	1435276800
210	12	1.0	1432166400
210	32	1.0	1432166400
210	40	1.0	1432166400
210	41	1.0	1432166400
210	55	1.0	1432166400
211	12	1.0	1431820800
211	15	1.0	1431820800
211	45	1.0	1431820800
211	50	1.0	1431820800
211	76	1.0	1431820800
212	97	1.0	1415923200
212	99	1.0	1415923200
212	12	1.0	1426982400
212	43	1.0	1426982400
212	85	1.0	1426982400
213	12	1.0	1424995200
213	41	1.0	1424995200
213	48	1.0	1424995200
213	50	1.0	1424995200
213	55	1.0	1424995200
214	12	1.0	1420156800
214	26	1.0	1420156800
214	27	1.0	1420156800
214	32	1.0	1420156800
214	40	1.0	1420156800
215	50	1.0	1400284800
215	41	1.0	1405641600
215	12	1.0	1417737600
215	56	1.0	1422316800
215	45	1.0	1426809600
215	63	1.0	1426809600
215	110	1.0	1426809600
215	78	1.0	1437264000
215	89	1.0	1453852800
215	100	1.0	1453852800
216	12	1.0	1397520000
216	46	1.0	1397520000
216	48	1.0	1397520000
216	45	1.0	1397520000
216	63	1.0	1397520000
217	12	1.0	1389571200
217	14	1.0	1405468800
217	50	1.0	1405468800
217	63	1.0	1405468800
217	127	1.0	1489881600
218	12	1.0	1388448000
218	15	1.0	1388448000
218	14	1.0	1388448000
218	41	1.0	1388448000
218	55	1.0	1388448000
219	50	1.0	1509235200
219	52	1.0	1509235200
219	58	1.0	1512864000
219	75	1.0	1526256000
219	13	1.0	1528243200
220	14	1.0	1387411200
220	15	1.0	1387411200
220	26	1.0	1387411200
220	40	1.0	1387411200
220	53	1.0	1387411200
221	15	1.0	1524096000
221	40	1.0	1524096000
221	45	1.0	1524096000
221	74	1.0	1524096000
221	123	1.0	1524096000
221	137	1.0	1524096000
222	40	1.0	1490227200
222	74	1.0	1490227200
222	110	1.0	1490227200
222	13	1.0	1522195200
222	41	1.0	1522195200
223	148	1.0	1495152000
223	13	1.0	1517875200
223	40	1.0	1517875200
223	41	1.0	1517875200
223	110	1.0	1517875200
224	133	1.0	1473033600
224	13	0.0	1516838400
224	21	1.0	1516838400
224	81	1.0	1516838400
224	138	1.0	1516838400
225	14	1.0	1518652800
225	36	1.0	1518652800
225	37	1.0	1518652800
225	40	1.0	1518652800
225	45	1.0	1518652800
225	55	1.0	1518652800
225	63	1.0	1518652800
225	107	1.0	1518652800
225	110	1.0	1518652800
225	116	1.0	1518652800
225	123	1.0	1518652800
226	14	1.0	1514851200
226	27	1.0	1514851200
226	37	1.0	1514851200
226	45	1.0	1514851200
226	71	1.0	1514851200
227	14	1.0	1512604800
227	43	1.0	1512604800
227	44	1.0	1512604800
227	45	1.0	1512604800
227	50	1.0	1512604800
227	55	1.0	1512604800
227	56	1.0	1512604800
227	72	1.0	1512604800
227	103	1.0	1512604800
227	107	1.0	1512604800
227	111	1.0	1512604800
227	59	1.0	1512604800
227	64	1.0	1512604800
227	63	1.0	1516320000
227	83	1.0	1516320000
227	116	1.0	1516320000
227	123	1.0	1516320000
228	15	1.0	1515715200
228	55	1.0	1515715200
228	107	1.0	1515715200
228	123	1.0	1515715200
228	64	1.0	1531180800
229	15	1.0	1515196800
229	20	1.0	1515196800
229	26	1.0	1515196800
229	55	1.0	1515196800
229	144	1.0	1515196800
230	110	1.0	1500940800
230	14	1.0	1501632000
230	26	1.0	1501632000
230	48	1.0	1501632000
230	71	0.0	1501632000
230	83	1.0	1501632000
230	50	1.0	1503014400
230	74	1.0	1503014400
230	45	1.0	1507075200
231	13	1.0	1510185600
231	37	1.0	1510185600
231	40	1.0	1510185600
231	65	1.0	1510185600
231	69	1.0	1510185600
231	50	1.0	1517529600
232	127	1.0	1497225600
232	14	1.0	1497398400
232	15	1.0	1497398400
232	46	1.0	1497398400
232	123	1.0	1497398400
233	15	1.0	1505347200
233	35	1.0	1505347200
233	40	1.0	1505347200
233	58	1.0	1505347200
233	75	1.0	1505347200
234	127	1.0	1483574400
234	14	1.0	1486944000
234	55	1.0	1486944000
234	110	1.0	1486944000
234	111	1.0	1486944000
235	22	1.0	1484524800
235	13	1.0	1498435200
235	56	1.0	1498694400
235	63	1.0	1504483200
235	127	1.0	1512518400
236	31	1.0	1394582400
236	57	1.0	1400371200
236	107	1.0	1443484800
236	50	1.0	1457740800
236	55	1.0	1481155200
236	14	1.0	1485907200
237	14	1.0	1457568000
237	37	1.0	1457568000
237	102	1.0	1457568000
237	15	1.0	1490400000
237	13	1.0	1490400000
237	45	1.0	1490400000
237	51	1.0	1505952000
238	15	1.0	1490227200
238	42	1.0	1490227200
238	44	1.0	1490227200
238	104	1.0	1490227200
238	123	1.0	1490227200
239	15	1.0	1490140800
239	26	1.0	1490140800
239	37	1.0	1490140800
239	41	1.0	1490140800
239	94	1.0	1490140800
239	110	1.0	1490140800
240	14	1.0	1484611200
240	13	1.0	1484611200
240	22	1.0	1484611200
240	21	1.0	1484611200
240	24	1.0	1484611200
240	28	1.0	1484611200
241	55	1.0	1473465600
241	82	1.0	1473465600
241	14	1.0	1483488000
241	29	1.0	1483488000
241	33	1.0	1496966400
242	15	1.0	1484092800
242	50	1.0	1484092800
242	71	1.0	1484092800
242	127	1.0	1484092800
242	67	1.0	1510531200
243	14	1.0	1482796800
243	37	1.0	1482796800
243	45	1.0	1482796800
243	53	1.0	1482796800
243	67	1.0	1482796800
244	50	1.0	1478390400
244	136	1.0	1478390400
244	15	1.0	1478476800
244	40	1.0	1478476800
244	41	1.0	1478476800
245	95	1.0	1461974400
245	98	1.0	1461974400
245	77	1.0	1466121600
245	84	1.0	1466553600
245	97	1.0	1466553600
245	63	1.0	1466812800
245	94	1.0	1466812800
245	76	1.0	1467676800
245	93	1.0	1472428800
245	79	1.0	1473033600
245	101	1.0	1473206400
245	134	1.0	1475193600
245	15	1.0	1477353600
245	123	1.0	1477353600
245	110	1.0	1480636800
245	99	1.0	1481241600
245	148	1.0	1482969600
245	26	1.0	1484265600
245	100	1.0	1486771200
245	106	1.0	1486771200
245	128	1.0	1486771200
245	129	1.0	1486771200
245	64	1.0	1504051200
245	40	1.0	1504656000
245	43	1.0	1504656000
245	135	1.0	1506816000
246	15	1.0	1472083200
246	14	1.0	1472083200
246	45	1.0	1472083200
246	64	1.0	1472083200
246	110	1.0	1472083200
247	31	1.0	1460505600
247	56	1.0	1460505600
247	78	1.0	1460505600
247	19	1.0	1460764800
247	74	1.0	1460764800
248	14	1.0	1476144000
248	50	1.0	1476144000
248	121	1.0	1476144000
248	33	1.0	1476921600
248	32	1.0	1480982400
249	14	1.0	1475366400
249	45	1.0	1475366400
249	29	1.0	1491696000
249	44	1.0	1504137600
249	111	1.0	1504137600
250	54	0.0	1485907200
250	139	0.0	1485907200
250	13	1.0	1486512000
250	74	1.0	1486512000
250	113	1.0	1486512000
251	14	1.0	1470960000
251	63	1.0	1471305600
251	78	1.0	1471305600
251	88	1.0	1471305600
251	107	1.0	1471305600
252	14	1.0	1470873600
252	26	1.0	1470873600
252	71	1.0	1470873600
252	119	1.0	1470873600
252	45	1.0	1471305600
253	15	1.0	1455321600
253	26	1.0	1455321600
253	48	1.0	1455321600
253	45	1.0	1455321600
253	52	1.0	1455321600
253	55	1.0	1455321600
253	56	1.0	1455321600
253	59	1.0	1455321600
253	63	1.0	1455321600
253	74	1.0	1455321600
254	13	1.0	1484438400
254	40	1.0	1484438400
254	41	1.0	1484438400
254	63	1.0	1484438400
254	71	1.0	1484438400
255	13	1.0	1483574400
255	21	1.0	1483574400
255	26	1.0	1483574400
255	33	1.0	1483574400
255	74	1.0	1483574400
256	72	1.0	1428710400
256	24	1.0	1433721600
256	14	1.0	1461024000
256	56	1.0	1461024000
256	88	1.0	1461024000
257	14	1.0	1460937600
257	44	1.0	1460937600
257	50	1.0	1460937600
257	66	1.0	1460937600
257	71	1.0	1460937600
258	45	1.0	1414022400
258	74	1.0	1414022400
258	15	1.0	1442966400
258	43	1.0	1442966400
258	59	1.0	1442966400
259	14	1.0	1453939200
259	41	1.0	1453939200
259	47	1.0	1453939200
259	102	1.0	1453939200
259	110	1.0	1453939200
260	14	1.0	1453248000
260	26	1.0	1453248000
260	110	1.0	1453248000
260	123	1.0	1453248000
260	111	1.0	1485388800
261	27	1.0	1419292800
261	110	1.0	1419292800
261	50	1.0	1419552000
261	15	1.0	1435017600
261	66	1.0	1435017600
262	14	1.0	1451433600
262	33	1.0	1451433600
262	29	1.0	1482624000
262	45	1.0	1482624000
262	123	1.0	1482624000
263	50	1.0	1416182400
263	15	1.0	1431302400
263	74	1.0	1434499200
263	18	1.0	1438646400
263	52	1.0	1438646400
263	63	1.0	1438646400
264	14	1.0	1450569600
264	27	1.0	1450569600
264	29	1.0	1450569600
264	44	1.0	1450569600
264	55	1.0	1450569600
265	15	1.0	1419292800
265	28	1.0	1419292800
265	60	1.0	1419292800
265	74	1.0	1419292800
265	80	1.0	1419292800
266	55	1.0	1402444800
266	15	1.0	1415491200
266	45	1.0	1415491200
266	63	1.0	1463529600
266	110	1.0	1463529600
266	26	1.0	1477094400
267	15	1.0	1398384000
267	74	1.0	1438905600
267	104	1.0	1461283200
267	39	1.0	1461542400
267	66	1.0	1518134400
268	15	1.0	1391558400
268	26	1.0	1391558400
268	40	1.0	1391558400
268	48	1.0	1391558400
269	49	1.0	1413763200
269	62	1.0	1413763200
269	48	1.0	1414454400
269	14	1.0	1415404800
269	45	1.0	1419206400
270	14	1.0	1395014400
270	17	1.0	1395014400
270	50	1.0	1395014400
270	55	1.0	1395014400
270	76	1.0	1395014400
271	81	1.0	1484352000
271	17	1.0	1484524800
271	23	1.0	1484784000
271	58	1.0	1486512000
271	143	1.0	1486512000
272	17	1.0	1484006400
272	23	1.0	1484006400
272	35	1.0	1484006400
272	41	1.0	1484006400
272	74	1.0	1484006400
272	96	1.0	1484006400
273	56	1.0	1461024000
273	23	1.0	1468454400
273	145	1.0	1480982400
273	17	1.0	1483660800
273	81	1.0	1483660800
274	120	1.0	1452038400
274	17	1.0	1472256000
274	20	1.0	1472256000
274	22	1.0	1472256000
274	54	1.0	1472256000
275	17	1.0	1454457600
275	22	1.0	1454457600
275	21	1.0	1454457600
275	26	1.0	1454457600
275	58	1.0	1454457600
276	54	1.0	1450051200
276	120	1.0	1450051200
276	17	1.0	1451952000
276	25	1.0	1451952000
276	82	1.0	1451952000
277	17	1.0	1448755200
277	22	1.0	1448755200
277	54	1.0	1448755200
277	81	1.0	1448755200
277	82	1.0	1448755200
278	17	1.0	1438041600
278	18	1.0	1474848000
278	28	1.0	1474848000
278	139	0.0	1474848000
278	54	1.0	1483488000
278	23	1.0	1489622400
279	20	1.0	1358208000
279	17	1.0	1387584000
279	22	1.0	1388707200
279	54	1.0	1500249600
279	140	1.0	1500249600
280	142	1.0	1485388800
280	139	1.0	1485388800
280	138	1.0	1485388800
280	21	1.0	1486684800
281	18	1.0	1514851200
281	22	1.0	1514851200
281	26	1.0	1514851200
281	80	1.0	1514851200
281	139	1.0	1514851200
282	18	1.0	1486944000
282	74	1.0	1486944000
282	139	1.0	1486944000
282	60	1.0	1519084800
282	82	1.0	1529798400
283	87	1.0	1477180800
283	18	1.0	1483228800
283	37	1.0	1483228800
283	140	1.0	1483228800
283	21	1.0	1518307200
284	22	1.0	1481587200
284	21	1.0	1481587200
284	18	1.0	1483142400
284	34	1.0	1483142400
284	54	1.0	1483142400
284	80	1.0	1483142400
284	136	1.0	1483142400
285	34	1.0	1484092800
285	37	1.0	1484092800
285	76	1.0	1484092800
285	126	1.0	1484092800
285	19	1.0	1501891200
286	19	1.0	1487894400
286	51	1.0	1487894400
286	52	1.0	1487894400
286	53	1.0	1487894400
286	58	1.0	1487894400
287	54	1.0	1480723200
287	19	1.0	1482537600
287	88	1.0	1483056000
287	148	1.0	1483056000
287	28	1.0	1483401600
288	19	1.0	1481414400
288	20	1.0	1481414400
288	26	1.0	1481414400
288	55	1.0	1481414400
288	82	1.0	1481414400
289	19	1.0	1451952000
289	46	1.0	1469923200
289	45	1.0	1469923200
289	123	1.0	1469923200
289	146	1.0	1469923200
290	26	1.0	1453680000
290	132	1.0	1484611200
290	133	1.0	1508457600
290	20	1.0	1522713600
290	22	1.0	1522713600
291	22	1.0	1487808000
291	21	1.0	1487808000
291	54	1.0	1487808000
291	142	1.0	1487808000
291	144	1.0	1487808000
291	20	1.0	1518393600
292	20	1.0	1516060800
292	22	1.0	1516060800
292	54	1.0	1516060800
292	138	1.0	1516060800
292	144	1.0	1516060800
293	20	1.0	1514073600
293	22	1.0	1514073600
293	111	1.0	1514073600
293	140	1.0	1514073600
293	142	1.0	1514073600
294	20	1.0	1511395200
294	22	1.0	1511395200
294	54	1.0	1511395200
294	81	1.0	1511395200
294	140	1.0	1511395200
295	22	1.0	1522540800
295	37	1.0	1522540800
295	111	1.0	1522540800
295	136	1.0	1522540800
295	139	1.0	1522540800
296	20	1.0	1503446400
296	22	1.0	1503446400
296	21	1.0	1503446400
296	119	1.0	1503446400
296	133	1.0	1503446400
297	21	1.0	1526083200
297	54	1.0	1526083200
297	139	1.0	1526083200
297	144	1.0	1526083200
297	123	1.0	1527033600
298	20	1.0	1488499200
298	82	1.0	1488499200
298	22	1.0	1488758400
298	21	1.0	1488758400
298	23	1.0	1488758400
299	23	1.0	1470441600
299	20	1.0	1486771200
299	22	1.0	1486771200
299	21	1.0	1486771200
299	82	1.0	1486771200
300	22	1.0	1449532800
300	82	1.0	1477526400
300	20	1.0	1486339200
300	53	1.0	1528416000
300	138	1.0	1528416000
301	22	1.0	1395014400
301	20	1.0	1486166400
301	113	1.0	1486166400
301	142	1.0	1486166400
301	144	1.0	1486166400
302	82	1.0	1464048000
302	25	1.0	1482710400
302	140	1.0	1482710400
302	26	1.0	1482796800
302	22	1.0	1517443200
303	22	1.0	1513209600
303	21	1.0	1513209600
303	81	1.0	1513209600
303	139	1.0	1513209600
303	138	1.0	1513555200
304	22	1.0	1510272000
304	21	1.0	1510272000
304	44	1.0	1510272000
304	54	1.0	1510272000
304	55	1.0	1510272000
304	82	1.0	1510272000
305	85	1.0	1418428800
305	22	1.0	1507939200
305	23	1.0	1507939200
305	82	1.0	1507939200
305	139	1.0	1507939200
306	20	1.0	1484438400
306	21	1.0	1484438400
306	49	1.0	1484438400
306	54	1.0	1484438400
306	139	1.0	1484438400
307	22	1.0	1500768000
307	21	1.0	1500768000
307	54	1.0	1500768000
307	82	1.0	1500768000
307	139	1.0	1500768000
308	20	1.0	1484179200
308	22	1.0	1484179200
308	21	1.0	1484179200
308	54	0.0	1484179200
308	139	0.0	1484179200
309	20	1.0	1483574400
309	54	1.0	1483574400
309	74	1.0	1483574400
309	139	1.0	1483574400
309	144	1.0	1483574400
310	25	1.0	1466553600
310	20	1.0	1483488000
310	61	1.0	1483488000
310	75	1.0	1483488000
310	80	1.0	1483488000
311	26	1.0	1454025600
311	45	1.0	1454025600
311	20	1.0	1483401600
311	81	1.0	1483401600
311	109	1.0	1483401600
312	140	1.0	1482192000
312	138	1.0	1482192000
312	20	1.0	1483142400
312	54	1.0	1483142400
312	139	1.0	1483142400
313	139	1.0	1481414400
313	20	1.0	1482451200
313	138	1.0	1482451200
313	133	1.0	1482537600
313	111	1.0	1510704000
314	22	1.0	1485216000
314	25	1.0	1485216000
314	26	1.0	1485216000
314	74	1.0	1485216000
314	140	1.0	1485216000
315	102	1.0	1454976000
315	54	1.0	1462406400
315	22	1.0	1483833600
315	81	1.0	1483833600
315	23	1.0	1513382400
316	48	1.0	1389484800
316	20	1.0	1457049600
316	25	1.0	1457049600
316	119	1.0	1457049600
316	21	1.0	1482710400
316	54	1.0	1482710400
317	21	1.0	1515801600
317	51	1.0	1515801600
317	54	1.0	1515801600
317	110	1.0	1515801600
317	136	1.0	1515801600
318	22	1.0	1484352000
318	45	1.0	1484352000
318	74	1.0	1484352000
318	78	1.0	1484352000
318	110	1.0	1484352000
319	22	1.0	1484006400
319	21	1.0	1484006400
319	54	1.0	1484006400
319	139	1.0	1484006400
319	23	1.0	1505433600
320	22	1.0	1484092800
320	21	1.0	1484092800
320	82	1.0	1484092800
320	140	1.0	1484092800
320	139	1.0	1484092800
321	22	1.0	1484092800
321	21	1.0	1484092800
321	54	1.0	1484092800
321	82	1.0	1484092800
321	139	1.0	1484092800
322	20	1.0	1453334400
322	81	1.0	1453334400
322	67	1.0	1478304000
322	26	1.0	1480032000
322	119	1.0	1480032000
323	20	1.0	1451952000
323	22	1.0	1451952000
323	25	1.0	1451952000
323	82	1.0	1451952000
323	21	1.0	1454889600
324	20	1.0	1448236800
324	25	1.0	1448236800
324	125	1.0	1468454400
324	23	1.0	1469923200
324	66	1.0	1469923200
325	119	1.0	1476489600
325	54	1.0	1496102400
325	138	1.0	1496102400
325	82	1.0	1496707200
325	21	1.0	1511654400
326	109	1.0	1500336000
326	21	1.0	1510704000
326	26	1.0	1510704000
326	53	1.0	1510704000
326	74	1.0	1510704000
327	22	1.0	1483056000
327	21	1.0	1483056000
327	26	1.0	1483056000
327	140	1.0	1483056000
327	139	1.0	1483056000
328	26	1.0	1489276800
328	48	1.0	1491868800
328	45	1.0	1492300800
328	29	1.0	1493683200
328	21	1.0	1495584000
329	22	1.0	1481587200
329	21	1.0	1481587200
329	28	1.0	1481587200
329	136	1.0	1481587200
329	144	1.0	1481587200
330	54	1.0	1479513600
330	140	1.0	1479513600
330	142	1.0	1479513600
330	139	1.0	1479513600
330	23	1.0	1489795200
331	74	1.0	1451520000
331	119	1.0	1451520000
331	22	1.0	1455321600
331	54	1.0	1487808000
331	140	1.0	1489795200
332	23	1.0	1484265600
332	41	1.0	1484265600
332	85	1.0	1533168000
332	138	1.0	1533168000
332	103	1.0	1533168000
333	22	1.0	1451520000
333	21	1.0	1482710400
333	54	1.0	1482710400
333	139	1.0	1515628800
333	131	1.0	1534896000
334	23	1.0	1468800000
334	119	1.0	1485388800
334	140	1.0	1485388800
334	142	1.0	1485388800
334	138	1.0	1485388800
335	21	1.0	1483574400
335	25	1.0	1483574400
335	81	1.0	1483574400
335	119	1.0	1483574400
335	124	1.0	1483574400
335	140	1.0	1483574400
336	21	1.0	1481587200
336	28	1.0	1512345600
336	34	1.0	1513036800
336	53	1.0	1515283200
336	75	1.0	1515283200
337	27	1.0	1471305600
337	21	0.0	1481500800
337	29	0.0	1481587200
337	86	0.0	1481846400
337	96	1.0	1482278400
338	21	1.0	1481155200
338	34	1.0	1481155200
338	41	1.0	1481155200
338	51	1.0	1481155200
338	74	1.0	1481155200
339	21	1.0	1481068800
339	82	1.0	1481068800
339	124	1.0	1481068800
339	140	1.0	1481068800
339	139	1.0	1481068800
340	21	1.0	1480982400
340	54	1.0	1480982400
340	133	1.0	1480982400
340	144	1.0	1517529600
340	144	1.0	1517529600
341	21	1.0	1478044800
341	29	1.0	1478044800
341	54	1.0	1478044800
341	116	1.0	1478044800
341	133	1.0	1478044800
342	21	1.0	1461283200
342	36	1.0	1461283200
342	48	1.0	1461283200
342	52	1.0	1461283200
342	78	1.0	1461283200
343	21	1.0	1454976000
343	61	1.0	1454976000
343	65	1.0	1454976000
343	104	1.0	1454976000
343	123	1.0	1454976000
344	24	1.0	1461715200
344	36	1.0	1461715200
344	57	1.0	1461715200
344	76	1.0	1461715200
344	108	1.0	1461715200
345	24	1.0	1421280000
345	35	1.0	1421280000
345	53	1.0	1421280000
345	73	1.0	1421280000
345	76	1.0	1421280000
346	25	1.0	1486857600
346	54	1.0	1486857600
346	81	1.0	1486857600
346	124	1.0	1486857600
346	139	1.0	1486857600
347	25	1.0	1481932800
347	124	1.0	1481932800
347	142	1.0	1481932800
347	138	1.0	1481932800
347	119	1.0	1482192000
348	26	1.0	1506643200
348	34	1.0	1506643200
348	53	1.0	1506643200
348	55	1.0	1506643200
348	68	1.0	1506643200
349	26	1.0	1490140800
349	54	1.0	1490140800
349	81	1.0	1490140800
349	82	1.0	1490140800
349	119	1.0	1490140800
350	26	1.0	1489795200
350	32	1.0	1489795200
350	92	0.0	1489795200
350	105	1.0	1489795200
350	112	1.0	1489795200
351	83	1.0	1488240000
351	105	1.0	1488240000
351	26	1.0	1489104000
351	40	1.0	1489104000
351	48	1.0	1489104000
352	26	1.0	1488672000
352	29	1.0	1488672000
352	110	1.0	1488672000
352	122	1.0	1488672000
352	139	1.0	1488672000
353	26	1.0	1488412800
353	45	1.0	1488412800
353	53	1.0	1488412800
353	48	1.0	1488499200
353	136	1.0	1488499200
354	26	1.0	1484956800
354	40	1.0	1484956800
354	45	1.0	1484956800
354	71	1.0	1484956800
354	122	1.0	1484956800
355	58	1.0	1463011200
355	97	0.0	1482192000
355	98	1.0	1482192000
355	100	1.0	1482192000
356	26	1.0	1483228800
356	40	1.0	1483228800
356	41	1.0	1483228800
356	45	1.0	1483228800
356	48	1.0	1483228800
357	33	1.0	1450051200
357	43	1.0	1450051200
357	50	1.0	1450051200
357	26	1.0	1479859200
357	83	1.0	1483142400
358	88	1.0	1463702400
358	26	1.0	1478304000
358	45	1.0	1478304000
358	56	1.0	1478304000
358	63	1.0	1478304000
359	26	1.0	1469836800
359	51	1.0	1470268800
359	63	1.0	1470268800
359	78	1.0	1470268800
359	123	1.0	1470268800
360	82	1.0	1469232000
360	26	1.0	1469491200
360	139	1.0	1482710400
360	40	1.0	1486512000
360	124	1.0	1519257600
361	26	1.0	1469404800
361	45	1.0	1469404800
361	74	1.0	1469404800
361	84	1.0	1469404800
361	89	1.0	1469404800
361	91	1.0	1469404800
361	96	1.0	1469404800
362	26	1.0	1463443200
362	29	1.0	1463443200
362	45	1.0	1463443200
362	107	1.0	1463443200
362	74	1.0	1464048000
363	38	1.0	1452816000
363	26	1.0	1453248000
363	34	1.0	1453248000
363	40	1.0	1453248000
363	74	1.0	1453248000
364	26	1.0	1452038400
364	56	1.0	1452038400
364	63	1.0	1452038400
364	68	1.0	1452038400
364	67	1.0	1452038400
364	107	1.0	1452038400
364	127	0.0	1452038400
364	27	1.0	1456876800
364	89	1.0	1456876800
364	88	1.0	1456876800
365	26	1.0	1450569600
365	54	1.0	1450569600
365	73	1.0	1450569600
365	122	1.0	1485216000
365	82	1.0	1485388800
366	103	0.0	1428796800
366	26	1.0	1448064000
366	29	1.0	1448064000
366	45	1.0	1448064000
366	51	1.0	1448064000
366	63	1.0	1448064000
366	71	1.0	1448064000
366	74	1.0	1448064000
366	90	1.0	1448064000
366	91	1.0	1448064000
366	93	1.0	1448064000
366	94	1.0	1448064000
366	95	1.0	1448064000
366	98	1.0	1448064000
367	26	1.0	1442188800
367	122	1.0	1449014400
367	58	1.0	1449792000
367	88	1.0	1473033600
367	74	1.0	1483315200
368	26	1.0	1442102400
368	46	1.0	1442102400
368	45	1.0	1442102400
368	56	1.0	1442102400
368	63	1.0	1442102400
369	26	1.0	1435968000
369	122	1.0	1475020800
369	67	1.0	1482192000
369	119	1.0	1482192000
369	128	1.0	1482192000
370	26	1.0	1420761600
370	34	1.0	1420761600
370	44	1.0	1420761600
370	53	1.0	1420761600
370	73	1.0	1420761600
371	26	1.0	1418774400
371	29	1.0	1418774400
371	45	1.0	1418774400
371	53	1.0	1418774400
371	71	1.0	1443571200
372	26	1.0	1399852800
372	76	1.0	1400025600
372	74	1.0	1400112000
372	67	1.0	1400284800
372	102	1.0	1419120000
372	56	1.0	1450915200
372	109	1.0	1487721600
372	110	1.0	1487721600
373	26	1.0	1389398400
373	33	1.0	1389398400
373	50	1.0	1389398400
373	53	1.0	1389398400
373	74	1.0	1389398400
374	40	1.0	1518480000
374	55	1.0	1518480000
374	74	1.0	1518480000
374	111	1.0	1518480000
374	27	1.0	1518998400
375	119	1.0	1485561600
375	141	1.0	1485561600
375	82	1.0	1489276800
375	27	1.0	1517011200
375	136	1.0	1517011200
376	27	1.0	1489622400
376	77	1.0	1489622400
376	101	1.0	1489622400
376	128	1.0	1489622400
376	94	1.0	1530489600
377	27	1.0	1482883200
377	29	1.0	1482883200
377	55	1.0	1482883200
377	73	1.0	1482883200
377	110	1.0	1482883200
378	27	1.0	1472342400
378	29	1.0	1472342400
378	45	1.0	1472342400
378	116	1.0	1472342400
378	123	1.0	1472342400
379	27	1.0	1453161600
379	28	1.0	1484524800
379	53	1.0	1484524800
379	68	1.0	1484524800
379	67	1.0	1484524800
380	27	1.0	1452556800
380	42	1.0	1452556800
380	70	1.0	1452556800
380	34	1.0	1454630400
380	119	1.0	1454630400
381	105	1.0	1499212800
381	135	1.0	1499212800
381	136	1.0	1508976000
381	28	1.0	1509926400
381	48	0.0	1516752000
382	30	1.0	1451865600
382	37	1.0	1451865600
382	55	1.0	1451865600
382	68	1.0	1451865600
382	71	1.0	1451865600
383	77	1.0	1471046400
383	29	1.0	1485302400
383	86	1.0	1497744000
383	88	1.0	1522627200
383	128	1.0	1522627200
384	29	1.0	1484438400
384	40	1.0	1484438400
384	74	1.0	1484438400
384	76	1.0	1484438400
384	126	1.0	1484438400
385	60	1.0	1433376000
385	28	1.0	1434153600
385	37	1.0	1434153600
385	50	1.0	1434153600
385	56	1.0	1434153600
386	29	1.0	1482624000
386	74	1.0	1482624000
386	76	1.0	1482624000
386	119	1.0	1482624000
386	140	1.0	1482624000
387	34	1.0	1450483200
387	37	1.0	1450483200
387	53	1.0	1450483200
387	60	1.0	1450483200
387	104	1.0	1450483200
387	67	1.0	1450742400
388	31	1.0	1419638400
388	40	1.0	1419638400
388	41	1.0	1419638400
388	37	1.0	1433721600
388	48	1.0	1486598400
389	41	1.0	1418774400
389	110	1.0	1418774400
389	31	1.0	1418860800
389	29	1.0	1418947200
389	50	1.0	1418947200
390	33	1.0	1418342400
390	49	1.0	1418342400
390	53	1.0	1418342400
390	80	1.0	1418342400
390	55	1.0	1449273600
391	93	1.0	1506902400
391	34	1.0	1510704000
391	86	1.0	1514246400
391	114	1.0	1514246400
391	122	1.0	1514246400
392	56	1.0	1417824000
392	69	1.0	1417824000
392	29	1.0	1423612800
392	63	1.0	1423612800
392	82	1.0	1423612800
393	34	1.0	1485302400
393	40	1.0	1485302400
393	53	1.0	1485302400
393	70	1.0	1485302400
393	92	1.0	1489017600
393	114	1.0	1489017600
394	113	1.0	1498176000
394	102	1.0	1498176000
394	37	1.0	1510099200
394	111	1.0	1510099200
394	119	1.0	1510099200
395	34	1.0	1474934400
395	74	1.0	1474934400
395	67	1.0	1523059200
395	71	1.0	1523059200
395	104	1.0	1523059200
396	37	1.0	1488499200
396	49	1.0	1488499200
396	61	1.0	1488499200
396	66	1.0	1488499200
396	67	1.0	1488499200
397	84	1.0	1452729600
397	107	1.0	1452729600
397	38	1.0	1454976000
397	123	1.0	1493510400
397	105	1.0	1509062400
398	37	1.0	1485216000
398	68	1.0	1485216000
398	55	1.0	1485388800
398	67	1.0	1485388800
398	71	1.0	1485388800
399	108	1.0	1484697600
399	145	1.0	1484697600
399	42	1.0	1505692800
399	63	0.0	1513209600
399	68	1.0	1513209600
399	107	1.0	1513209600
400	43	1.0	1439337600
400	78	0.0	1439510400
400	45	1.0	1439942400
400	76	1.0	1439942400
400	110	1.0	1439942400
401	42	1.0	1445299200
401	73	1.0	1445299200
401	82	1.0	1473206400
401	143	1.0	1505520000
401	85	1.0	1510876800
402	45	1.0	1511740800
402	84	1.0	1511740800
402	88	1.0	1511740800
402	90	1.0	1511740800
402	94	1.0	1511740800
402	93	1.0	1511740800
402	96	1.0	1511740800
402	99	1.0	1511740800
402	105	1.0	1511740800
402	112	1.0	1511740800
402	114	1.0	1511740800
402	128	1.0	1511740800
402	130	1.0	1511740800
402	16	1.0	1511740800
403	111	1.0	1483920000
403	46	1.0	1489708800
403	48	1.0	1489708800
403	63	1.0	1489708800
403	123	1.0	1489708800
404	85	1.0	1416355200
404	85	1.0	1416355200
404	85	1.0	1440547200
404	56	1.0	1481673600
404	123	1.0	1481673600
405	63	1.0	1479600000
405	88	1.0	1479600000
405	123	1.0	1479600000
405	146	1.0	1480377600
405	46	1.0	1482537600
406	94	0.0	1480464000
406	96	0.0	1480464000
406	112	0.0	1480464000
406	130	0.0	1480464000
406	45	1.0	1503792000
407	41	1.0	1452816000
407	49	1.0	1452816000
407	45	1.0	1452816000
407	63	1.0	1452816000
407	76	1.0	1452816000
408	84	1.0	1426550400
408	88	1.0	1426809600
408	46	1.0	1427414400
408	63	1.0	1427414400
408	107	1.0	1427414400
409	63	1.0	1488585600
409	55	1.0	1488844800
409	110	1.0	1488844800
409	45	1.0	1491264000
409	16	1.0	1491264000
410	48	1.0	1517356800
410	104	1.0	1517356800
410	38	1.0	1517356800
410	78	1.0	1517356800
410	122	1.0	1517356800
411	45	1.0	1461456000
411	53	1.0	1461456000
411	55	1.0	1461456000
411	67	1.0	1461456000
411	74	1.0	1461456000
412	51	1.0	1449360000
412	45	1.0	1458950400
412	78	1.0	1458950400
412	119	1.0	1472169600
412	71	1.0	1479427200
413	50	1.0	1520294400
413	41	1.0	1530576000
413	45	1.0	1530576000
413	74	1.0	1530576000
413	110	1.0	1530576000
414	50	1.0	1520121600
414	115	1.0	1520121600
414	121	1.0	1520121600
414	55	1.0	1527724800
414	11	1.0	1527724800
415	50	1.0	1515369600
415	61	1.0	1515369600
415	71	1.0	1515369600
415	110	1.0	1515369600
415	139	1.0	1515369600
416	61	1.0	1465171200
416	85	1.0	1511827200
416	50	1.0	1514073600
416	53	1.0	1514073600
416	55	1.0	1514073600
416	67	1.0	1514073600
417	78	1.0	1405036800
417	45	1.0	1442534400
417	56	1.0	1442534400
417	63	1.0	1472083200
417	112	1.0	1484092800
418	50	1.0	1489881600
418	54	1.0	1489881600
418	82	1.0	1489881600
418	139	1.0	1489881600
418	144	1.0	1489881600
419	45	1.0	1391472000
419	50	1.0	1391472000
419	53	1.0	1391472000
419	56	1.0	1391472000
419	63	1.0	1391472000
420	53	1.0	1528848000
420	58	1.0	1528848000
420	111	1.0	1528848000
420	136	1.0	1528848000
420	18	1.0	1528848000
420	32	1.0	1528848000
420	34	1.0	1528848000
420	37	1.0	1528848000
421	76	1.0	1484265600
421	53	1.0	1516838400
421	75	1.0	1516838400
421	92	1.0	1516838400
421	116	1.0	1516838400
422	53	1.0	1482192000
422	80	1.0	1482192000
422	119	1.0	1482192000
422	82	1.0	1497225600
422	132	1.0	1504483200
423	56	1.0	1472515200
423	66	1.0	1472515200
423	71	1.0	1472515200
423	103	1.0	1472515200
423	107	1.0	1472515200
423	129	1.0	1472515200
423	137	1.0	1472515200
423	62	1.0	1503705600
424	57	1.0	1501113600
424	68	1.0	1501113600
424	86	1.0	1501113600
424	96	1.0	1501113600
424	148	1.0	1501113600
425	68	1.0	1406160000
425	57	1.0	1416268800
425	67	1.0	1416268800
425	90	1.0	1433289600
425	93	1.0	1435881600
426	58	1.0	1506556800
426	46	1.0	1525046400
426	88	1.0	1531353600
426	123	1.0	1531353600
426	92	1.0	1531353600
427	100	0.0	1467244800
427	112	0.0	1467244800
427	96	0.0	1467763200
427	58	0.0	1471737600
427	106	0.0	1471737600
428	109	1.0	1499817600
428	62	1.0	1500422400
428	69	1.0	1500422400
428	61	1.0	1500681600
428	66	1.0	1502928000
429	63	1.0	1479945600
429	89	1.0	1479945600
429	99	1.0	1479945600
429	107	1.0	1479945600
429	114	1.0	1479945600
430	63	1.0	1445817600
430	65	1.0	1445817600
430	67	1.0	1445817600
430	71	1.0	1445817600
430	103	1.0	1445817600
431	65	1.0	1456876800
431	66	1.0	1456876800
431	67	1.0	1456876800
431	71	1.0	1456876800
431	104	1.0	1456876800
432	103	1.0	1479772800
432	66	1.0	1480550400
432	67	1.0	1480550400
432	104	1.0	1480550400
432	139	1.0	1480550400
433	67	1.0	1458604800
433	69	1.0	1458604800
433	71	1.0	1458604800
433	104	1.0	1458604800
433	122	1.0	1458604800
434	138	1.0	1479859200
434	88	1.0	1481328000
434	146	1.0	1511913600
434	74	1.0	1517097600
434	104	1.0	1517097600
435	74	0.0	1484524800
435	124	1.0	1484524800
435	140	1.0	1484524800
435	139	1.0	1484524800
435	133	1.0	1495411200
436	74	1.0	1474761600
436	104	1.0	1523664000
436	10	1.0	1523664000
436	82	1.0	1532908800
436	133	1.0	1532908800
437	88	1.0	1506902400
437	97	1.0	1506902400
437	98	1.0	1506902400
437	146	1.0	1506902400
437	95	1.0	1506902400
437	86	1.0	1508371200
437	87	1.0	1508371200
437	94	1.0	1508371200
438	95	1.0	1421884800
438	98	1.0	1421884800
438	89	1.0	1428019200
438	88	1.0	1428019200
438	94	1.0	1428019200
439	140	1.0	1480809600
439	142	1.0	1480809600
439	138	1.0	1480809600
439	139	1.0	1480809600
439	82	1.0	1487203200
440	83	1.0	1479772800
440	84	1.0	1479772800
440	89	1.0	1479772800
440	92	1.0	1479772800
440	101	1.0	1479772800
440	105	1.0	1479772800
441	84	1.0	1480377600
441	88	1.0	1480377600
441	97	1.0	1480377600
441	98	1.0	1480377600
441	114	1.0	1480377600
442	93	1.0	1447027200
442	95	1.0	1447804800
442	128	1.0	1449705600
442	84	1.0	1450656000
442	114	1.0	1450656000
443	91	1.0	1444867200
443	84	1.0	1445558400
443	95	1.0	1445558400
443	106	1.0	1462060800
443	134	1.0	1492128000
444	96	1.0	1497916800
444	135	1.0	1515974400
444	88	1.0	1523836800
444	92	1.0	1523836800
444	106	1.0	1523836800
445	87	1.0	1496361600
445	90	1.0	1496361600
445	91	1.0	1496361600
445	94	1.0	1496361600
445	96	1.0	1496361600
446	90	0.0	1481155200
446	89	1.0	1489104000
446	87	1.0	1489104000
446	88	1.0	1489104000
446	94	1.0	1489104000
446	93	1.0	1489104000
446	99	1.0	1489104000
446	101	1.0	1489104000
446	106	1.0	1489104000
446	112	1.0	1489104000
447	90	1.0	1472774400
447	88	1.0	1472774400
447	147	1.0	1472774400
447	87	1.0	1472860800
447	130	1.0	1473465600
448	89	1.0	1436140800
448	86	1.0	1436140800
448	94	1.0	1482105600
448	95	1.0	1482105600
448	129	1.0	1482105600
449	146	1.0	1472428800
449	147	1.0	1472428800
449	86	1.0	1472947200
449	88	1.0	1472947200
449	148	1.0	1473033600
450	112	1.0	1446422400
450	94	1.0	1452124800
450	91	1.0	1472428800
450	88	1.0	1472428800
450	99	1.0	1472428800
451	100	1.0	1435708800
451	106	1.0	1446854400
451	94	1.0	1485734400
451	95	1.0	1485734400
451	96	1.0	1485734400
452	88	1.0	1435104000
452	93	1.0	1503014400
452	128	1.0	1514764800
452	87	1.0	1524009600
452	98	1.0	1524009600
453	88	1.0	1447027200
453	97	1.0	1481500800
453	114	1.0	1481500800
453	128	1.0	1481500800
453	130	1.0	1481500800
454	92	1.0	1481846400
454	99	1.0	1481846400
454	130	1.0	1481846400
454	134	1.0	1481846400
454	135	1.0	1481846400
455	98	1.0	1462147200
455	106	1.0	1462147200
455	128	1.0	1465257600
455	134	1.0	1484956800
455	97	1.0	1490400000
456	108	1.0	1529280000
456	110	1.0	1529280000
456	12	1.0	1529280000
456	13	1.0	1529280000
456	20	1.0	1529280000
457	140	1.0	1481587200
457	119	1.0	1521417600
457	133	1.0	1521417600
457	141	1.0	1521417600
457	131	1.0	1529452800
458	148	1.0	1531180800
458	37	1.0	1531180800
458	42	1.0	1531180800
458	49	1.0	1531180800
458	51	1.0	1531180800
458	91	1.0	1531180800
458	114	1.0	1531180800
458	137	1.0	1531180800
458	147	1.0	1531180800
